nt1,nt2,type,classification-1,classification-2
C.G26,D.C44,base pair,cWW,XIX
C.C27,D.G43,base pair,cWW,XIX
C.C28,D.G42,base pair,cWW,XIX
C.C29,D.G41,base pair,cWW,XIX
C.G30,D.C40,base pair,cWW,XIX
C.C31,D.G39,base pair,cWW,XIX
C.U33,D.A37,base pair,cWW,XX
C.G34,D.C36,base pair,cWW,XIX
C.U35,D.U35,base pair,cWH,
C.C36,D.G34,base pair,cWW,XIX
C.A37,D.U33,base pair,cWW,XX
C.G39,D.C31,base pair,cWW,XIX
C.C40,D.G30,base pair,cWW,XIX
C.G41,D.C29,base pair,cWW,XIX
C.G42,D.C28,base pair,cWW,XIX
C.G43,D.C27,base pair,cWW,XIX
C.C44,D.G26,base pair,cWW,XIX
C.G26,C.C27,stacking,upward,
C.C27,C.C28,stacking,upward,
C.C28,C.C29,stacking,upward,
C.C28,D.G43,stacking,inward,
C.C29,C.G30,stacking,upward,
C.G30,C.C31,stacking,upward,
C.G30,D.G41,stacking,inward,
C.C31,C.C32,stacking,upward,
C.U33,C.G34,stacking,upward,
C.G34,C.U35,stacking,upward,
C.G34,D.A37,stacking,inward,
C.U35,C.C36,stacking,upward,
C.A37,C.C38,stacking,upward,
C.A37,D.G34,stacking,inward,
C.C38,C.G39,stacking,upward,
C.G39,C.C40,stacking,upward,
C.G41,C.G42,stacking,upward,
C.G41,D.G30,stacking,inward,
C.G42,C.G43,stacking,upward,
C.G42,D.C29,stacking,inward,
C.G43,C.C44,stacking,upward,
C.G43,D.C28,stacking,inward,
D.G26,D.C27,stacking,upward,
D.C27,D.C28,stacking,upward,
D.C28,D.C29,stacking,upward,
D.G30,D.C31,stacking,upward,
D.C31,D.C32,stacking,upward,
D.G34,D.U35,stacking,inward,
D.U35,D.C36,stacking,inward,
D.C36,D.A37,stacking,upward,
D.A37,D.C38,stacking,upward,
D.C38,D.G39,stacking,upward,
D.G39,D.C40,stacking,upward,
D.C40,D.G41,stacking,upward,
D.G41,D.G42,stacking,upward,
D.G42,D.G43,stacking,upward,
D.G43,D.C44,stacking,upward,
